form	lemma	POS	morph
རྡོ་རྗེ་	རྡོ་རྗེ་	NOUN
འི་	གི་	PART
ཚིག་	ཚིག་	NOUN
བདུན་	བདུན་	NUM
གསོལ་འདེབས་	གསོལ་འདེབས་	NOUN
ཀྱི་	གི་	PART
དམིགས་	དམིགས་	VERB
ཁྲིད་	ཁྲིད་	VERB
ཅུང་ཟད་	ཅུང་ཟད་	ADV
སྨོས་པ་	སྨོས་པ་	VERB
ཟབ་	ཟབ་	VERB
ལམ་	གམ་	PART
ཡོངས་རྫོགས་	ཡོངས་རྫོགས་	OTHER
བཞུགས་	བཞུགས་	VERB
སོ་	གོ་	PART
།		PUNCT
མཛད་པ་པོ་	མཛད་པ་པོ་	VERB
།		PUNCT
		
སྐྱབས་རྗེ་	སྐྱབས་རྗེ་	OTHER
དིལ་		NON_WORD
མགོ་	མགོ་	NOUN
མཁྱེན་	མཁྱེན་	VERB
བཙེ་		NON_WORD
རིན་པོ་ཆེ་	རིན་པོ་ཆེ་	ADJ
།		PUNCT
ན་མོ་	ན་མོ་	X
གུ་	གུ་	OTHER
ར་	ར་	ADP
ཝེ་		NON_WORD
།		PUNCT
སྤྱི་		
བདག་ཅག་	བདག་ཅག་	PRON
སྟོན་པ་	སྟོན་པ་	NOUN
མཉམ་མེད་	མཉམ་མེད་	ADJ
ཤཱཀྱའི་		NON_WORD
རྒྱལ་པོ་	རྒྱལ་པོ་	NOUN
འི་	གི་	PART
རྗེས་སུ་	རྗེས་སུ་	OTHER
འཇུག་པ་	འཇུག་པ་	VERB
ཐམས་ཅད་	ཐམས་ཅད་	DET
ཀྱི་	གི་	PART
མཁའ་	མཁའ་	VERB
དང་	དང་	NO_POS
གྲུབ་པ་	གྲུབ་པ་	VERB
བརྙེས་པ་	བརྙེས་པ་	VERB
འི་	གི་	PART
ཕྱག་སྲོལ་	ཕྱག་སྲོལ་	OTHER
དང་	དང་	NO_POS
གསུང་	གསུང་	VERB
གི་	གི་	PART
གསང་བ་	གསང་བ་	VERB
ལ་	ལ་	PART
ཆེ་བ་	ཆེ་བ་	VERB
དུ་མ་	དུ་མ་	ADJ
དང་	དང་	NO_POS
ལྡན་པ་	ལྡན་པ་	VERB
སྨོས་	སྨོས་	VERB
ཀྱིས་	གིས་	PART
མི་	མི་	PART
ལྡང་	ལྡང་	NO_POS
ཀྱང་	ཀྱང་	PART
རང་	རང་	PRON
རེ་	རེ་	DET
སྔ་	སྔ་	ADV
འགྱུར་	འགྱུར་	VERB
རྙིང་མ་བ་	རྙིང་མ་བ་	OTHER
རྣམས་	རྣམས་	DET
ཀྱི་	གི་	PART
ཆོས་སྤྱོད་	ཆོས་སྤྱོད་	NOUN
ཐམས་ཅད་	ཐམས་ཅད་	DET
ཀྱི་	གི་	PART
ཐོག་མ་	ཐོག་མ་	NOUN
ར་	ལ་	PART
གུ་རུ་	གུ་རུ་	PROPN
རིན་པོ་ཆེ་	རིན་པོ་ཆེ་	ADJ
འི་	གི་	PART
རྡོ་རྗེ་	རྡོ་རྗེ་	NOUN
འི་	གི་	PART
གསུང་	གསུང་	VERB
གསོལ་འདེབས་	གསོལ་འདེབས་	NOUN
ཚིག་	ཚིག་	NOUN
བདུན་	བདུན་	NUM
མ་	མ་	PART
གསུང་པ་	གསུང་པ་	VERB
འདི་	འདི་	DET
དགོས་པ་	དགོས་པ་	VERB
མཆོག་ལྡན་	མཆོག་ལྡན་	OTHER
དུ་	ལ་	PART
མཐོང་	མཐོང་	VERB
ན་	ནས་	PART
དེ་	དེ་	DET
འི་	གི་	PART
དམིགས་	དམིགས་	VERB
ཁྲིད་	ཁྲིད་	VERB
མདོ་	མདོ་	NOUN
ཙམ་	ཙམ་	DET
ཞུ་	ཞུ་	VERB
ན་	ལ་	PART
།		PUNCT
ཧཱུྃ་		NON_WORD
༔		PUNCT
ཞེ་	ཅེས་	PART
སྐུ་གསུང་ཐུགས་	སྐུ་གསུང་ཐུགས་	NOUN
གཉིས་	གཉིས་	NUM
སུ་	ལ་	PART
མེད་པ་	མེད་པ་	VERB
འི་	གི་	PART
ཡེ་ཤེས་	ཡེ་ཤེས་	NOUN
སྲོག་	སྲོག་	NOUN
གི་	གི་	PART
སྙིང་པོ་	སྙིང་པོ་	NOUN
འདི་	འདི་	DET
བརྗོད་པ་	བརྗོད་པ་	VERB
ས་	གིས་	PART
།		PUNCT
རང་	རང་	PRON
རེ་	རེ་	DET
འི་	གི་	PART
ཆོས་ལུགས་	ཆོས་ལུགས་	NOUN
ཀྱི་	གི་	PART
མཚན་	མཚན་	NOUN
ལ་	ལ་	ADP
ས་	གིས་	PART
གསང་སྔགས་	གསང་སྔགས་	NOUN
རྙིང་མ་བ་	རྙིང་མ་བ་	OTHER
ཞེ་	ཅེས་	PART
གྲགས་པ་	གྲགས་པ་	VERB
བཞིན་	བཞིན་	NOUN
སྒེར་	སྒེར་	OTHER
གྱི་	གི་	PART
སྟོན་པ་	སྟོན་པ་	NOUN
ཕྱོགས་	ཕྱོགས་	NOUN
དུས་	དུས་	NOUN
སྲ་	སྲ་	NOUN
བཅའ་	བཅའ་	VERB
རྒྱལ་བ་	རྒྱལ་བ་	NOUN
འི་	གི་	PART
ཡེ་ཤེས་	ཡེ་ཤེས་	NOUN
ཀྱི་	གི་	PART
ཉིན་བྱེད་	ཉིན་བྱེད་	NOUN
སྔགས་	སྔགས་	NOUN
ཀྱི་	གི་	PART
སྟོན་པ་	སྟོན་པ་	NOUN
འི་	གི་	PART
ཚུལ་	ཚུལ་	NOUN
དུ་	ལ་	PART
བཞེངས་པ་	བཞེངས་པ་	VERB
གུ་རུ་	གུ་རུ་	PROPN
རིན་པོ་ཆེ་	རིན་པོ་ཆེ་	ADJ
འི་	གི་	PART
རྗེས་འཇུག་	རྗེས་འཇུག་	NOUN
གྱུར་པ་	གྱུར་པ་	VERB
འི་	གི་	PART
སྐལ་བཟང་	སྐལ་བཟང་	OTHER
གིས་	གིས་	PART
ལྟ་	ལྟ་	NOUN
སྒོམ་	སྒོམ་	VERB
སྤྱོད་པ་	སྤྱོད་པ་	VERB
འི་	གི་	PART
ཉམས་ལེན་	ཉམས་ལེན་	NOUN
གྱི་	གི་	PART
གཙོ་བོ་	གཙོ་བོ་	ADJ
རྡོ་རྗེ་	རྡོ་རྗེ་	NOUN
ཐེག་པ་	ཐེག་པ་	NOUN
རྣལ་འབྱོར་	རྣལ་འབྱོར་	NOUN
བླ་མེད་	བླ་མེད་	ADJ
ཀྱི་	གི་	PART
གཞུང་བསྲངས་	གཞུང་བསྲངས་	NO_POS
ན་	ནས་	PART
མདོ་སྔགས་	མདོ་སྔགས་	NOUN
ཡོངས་རྫོགས་	ཡོངས་རྫོགས་	OTHER
དེ་	དེ་	DET
འི་	གི་	PART
ལམ་	གམ་	PART
སྟེགས་	སྟེགས་	NOUN
སུ་	ལ་	PART
བཀྲལ་	བཀྲལ་	NO_POS
ཏེ་	སྟེ་	PART
མི་འགལ་བ་	མི་འགལ་བ་	NO_POS
ར་	ལ་	PART
ཉམས་	ཉམས་	NOUN
སུ་	ལ་	PART
ལེན་	ལེན་	VERB
དགོས་པ་	དགོས་པ་	VERB
འི་	གི་	PART
གནད་དོན་	གནད་དོན་	OTHER
མཚོན་བྱེད་	མཚོན་བྱེད་	OTHER
ཡིན་པ་	ཡིན་པ་	AUX
ཁོང་	ཁོང་	PRON
དུ་	ལ་	PART
ཆུད་པ་	ཆུད་པ་	VERB
འི་	གི་	PART
ཆེ་བ་	ཆེ་བ་	VERB
ངོ་	གོ་	PART
ཤེས་པ་	ཤེས་པ་	VERB
དང་	དང་	NO_POS
།		PUNCT
ཐུགས་	ཐུགས་	NOUN
སྲོག་	སྲོག་	NOUN
རྡོ་རྗེ་	རྡོ་རྗེ་	NOUN
འི་	གི་	PART
སྔགས་	སྔགས་	NOUN
ཀྱི་	གི་	PART
སྒྲ་གདངས་	སྒྲ་གདངས་	NOUN
བརྗོད་	བརྗོད་	VERB
མ་	མ་	PART
ཐག་	ཐག་	VERB
སྣང་གྲག་	སྣང་གྲག་	PROPN
རིག་པ་	རིག་པ་	VERB
བསྒྲུབ་བྱ་	བསྒྲུབ་བྱ་	VERB
འི་	གི་	PART
དཀྱིལ་འཁོར་	དཀྱིལ་འཁོར་	NOUN
དེ་	དེ་	DET
འི་	གི་	PART
རྡོ་རྗེ་	རྡོ་རྗེ་	NOUN
གསུམ་	གསུམ་	NUM
གྱི་	གི་	PART
སྣང་	སྣང་	VERB
ཆ་	ཆ་	NOUN
སད་པ་	སད་པ་	VERB
འི་	གི་	PART
མོས་གུས་	མོས་གུས་	NOUN
ཀྱིས་	གིས་	PART
ཨོ་རྒྱན་	ཨོ་རྒྱན་	PROPN
ཆོ་	ཆོ་	NOUN
ཀྱི་	གི་	PART
རྒྱལ་པོ་	རྒྱལ་པོ་	NOUN
ལྷང་	ལྷང་	NOUN
གིས་	གིས་	PART
དྲན་པ་	དྲན་པ་	VERB
ར་	ལ་	PART
བྱ་	བྱ་	VERB
ཏེ་	སྟེ་	PART
གསོལ་བ་	གསོལ་བ་	VERB
འདེབས་པ་	འདེབས་པ་	VERB
ནི་	ནི་	NO_POS
ལམ་	གམ་	PART
གནད་	གནད་	NOUN
ཆེ་	ཆེ་	VERB
ཤོ་	ཤོ་	VERB
ཡིན་	ཡིན་	NO_POS
ཏེ་	སྟེ་	PART
།		PUNCT
རྡོ་རྗེ་	རྡོ་རྗེ་	NOUN
ཐེག་པ་	ཐེག་པ་	NOUN
དག་སྣང་	དག་སྣང་	NOUN
ལམ་	གམ་	PART
བྱེད་	བྱེད་	VERB
དུ་	ལ་	PART
གྲགས་པ་	གྲགས་པ་	VERB
བཞིན་	བཞིན་	NOUN
སྣང་	སྣང་	VERB
སྤྱོད་	སྤྱོད་	VERB
ཐ་མལ་	ཐ་མལ་	ADJ
དུ་མ་	དུ་མ་	ADJ
ཤོར་བ་	ཤོར་བ་	VERB
།		PUNCT
སྣོད་བཅུད་	སྣོད་བཅུད་	NOUN
རྒྱུད་	རྒྱུད་	NOUN
གསུམ་	གསུམ་	NUM
གདན་	གདན་	NOUN
གསུམ་	གསུམ་	NUM
རྡོ་རྗེ་	རྡོ་རྗེ་	NOUN
འི་	གི་	PART
གྲོང་ཁྱེར་	གྲོང་ཁྱེར་	NOUN
དུ་	ལ་	PART
ཤེས་པ་	ཤེས་པ་	VERB
མདོ་	མདོ་	NOUN
དང་	དང་	NO_POS
སྒོ་	སྒོ་	NOUN
བསྟུན་པ་	བསྟུན་པ་	VERB
འི་	གི་	PART
སངས་རྒྱས་	སངས་རྒྱས་	NOUN
ཕལ་པོ་	ཕལ་པོ་	NOUN
ཆེ་	ཆེ་	VERB
སྤྱོད་ཡུལ་	སྤྱོད་ཡུལ་	NOUN
ཡོངས་སུ་	ཡོངས་སུ་	NO_POS
དག་པ་	དག་པ་	VERB
འི་	གི་	PART
མདོ་སྡེ་	མདོ་སྡེ་	NOUN
ལས་བྱང་	ལས་བྱང་	OTHER
ཆུབ་	ཆུབ་	VERB
སེམས་དཔ་	སེམས་དཔའ་	NOUN
ས་	གིས་	PART
སངས་རྒྱས་	སངས་རྒྱས་	NOUN
ཀྱི་	གི་	PART
ཞིང་	ཅིང་	PART
རྒྱ་མཚོ་	རྒྱ་མཚོ་	NOUN
སྦྱངས་བ་	སྦྱངས་བ་	VERB
འི་	གི་	PART
ཚུལ་	ཚུལ་	NOUN
གྱིས་	གིས་	PART
གསུངས་པ་	གསུངས་པ་	VERB
དང་	དང་	NO_POS
།		PUNCT
དོན་གནད་	དོན་གནད་	OTHER
ཀྱང་	ཀྱང་	PART
ཚང་	ཚང་	VERB
ཞིང་	ཅིང་	PART
ཨུ་རྒྱན་	ཨུ་རྒྱན་	PROPN
ཡུལ་	ཡུལ་	NOUN
གྱི་	གི་	PART
སོགས་	སོགས་	DET
ན་	ནས་	PART
།		PUNCT
མང་པོ་	མང་པོ་	ADJ
ས་	གིས་	PART
བསྐོར་	བསྐོར་	VERB
༔		PUNCT
ཞེ་	ཅེས་	PART
ཛམ་		NON_WORD
གླིང་	གླིང་	NOUN
གདུལ་བྱ་	གདུལ་བྱ་	NOUN
འི་	གི་	PART
བསོད་ནམས་	བསོད་ནམས་	NOUN
ཀྱི་	གི་	PART
སྐལ་པ་	སྐལ་པ་	NOUN
ར་	ལ་	PART
ལྷོ་ནུབ་	ལྷོ་ནུབ་	NO_POS
འོ་མ་	འོ་མ་	NOUN
ཅན་	ཅན་	PART
གྱི་	གི་	PART
རྒྱ་མཚོ་	རྒྱ་མཚོ་	NOUN
ར་	ལ་	PART
རྩ་	རྩ་	NUM
གསུམ་	གསུམ་	NUM
ཀུན་	ཀུན་	DET
འདུ་	འདུ་	VERB
གུ་རུ་	གུ་རུ་	PROPN
རིན་པོ་ཆེ་	རིན་པོ་ཆེ་	ADJ
སྐུ་	སྐུ་	NOUN
འཁྲུངས་	འཁྲུངས་	NO_POS
ན་	ནས་	PART
སྐུ་ཚེ་	སྐུ་ཚེ་	NOUN
གཅིག་	གཅིག་	NUM
གི་	གི་	PART
མཛད་པ་	མཛད་པ་	VERB
ཐུན་མོང་	ཐུན་མོང་	ADJ
གི་	གི་	PART
གདུལ་བྱ་	གདུལ་བྱ་	NOUN
འི་	གི་	PART
སྣང་	སྣང་	VERB
ཆར་རྡོ་	ཆར་རྡོ་	NO_POS
རྗེ་	རྗེ་	NO_POS
ཐེག་པ་	ཐེག་པ་	NOUN
གསང་སྔགས་	གསང་སྔགས་	NOUN
ཀྱི་	གི་	PART
ལམ་	གམ་	PART
དང་	དང་	NO_POS
རྗེས་སུ་	རྗེས་སུ་	OTHER
མཐུན་པ་	མཐུན་པ་	VERB
རིག་འཛིན་	རིག་འཛིན་	OTHER
རྣམ་	རྣམ་	NOUN
བཞི་	བཞི་	NUM
འི་	གི་	PART
སྤང་	སྤང་	VERB
རྟོགས་	རྟོགས་	VERB
ཡོངས་སུ་	ཡོངས་སུ་	NO_POS
རྫོགས་	རྫོགས་	VERB
ན་	ནས་	PART
སྔགས་	སྔགས་	NOUN
ཀྱི་	གི་	PART
རྒྱུད་	རྒྱུད་	NOUN
ལུང་	ལུང་	NOUN
མན་ངག་	མན་ངག་	NOUN
ལ་	ལ་	PART
རིག་པ་	རིག་པ་	VERB
རྩལ་	རྩལ་	NOUN
གྱི་	གི་	PART
བརྟུལ་ཞུགས་	བརྟུལ་ཞུགས་	NOUN
ཀྱིས་	གིས་	PART
མངའ་དབང་	མངའ་དབང་	NO_POS
བསྒྱུར་བ་	བསྒྱུར་བ་	VERB
འི་	གི་	PART
ཆེ་	ཆེ་	VERB
རྟགས་	རྟགས་	NOUN
སུ་	ལ་	PART
མཁའ་འགྲོ་	མཁའ་འགྲོ་	NOUN
འི་	གི་	PART
འཁོར་	འཁོར་	NOUN
དང་	དང་	NO_POS
བཅས་པ་	བཅས་པ་	VERB
འི་	གི་	PART
ཡོན་ཏན་	ཡོན་ཏན་	NOUN
རྗེས་སུ་	རྗེས་སུ་	OTHER
དྲན་པ་	དྲན་པ་	VERB
ར་	ལ་	PART
བྱ་	བྱ་	VERB
དགོས་	དགོས་	VERB
ལ་	ལ་	PART
།		PUNCT
སྤྱི་		
སྔགས་	སྔགས་	NOUN
ཀྱི་	གི་	PART
ལྟ་སྤྱོད་	ལྟ་སྤྱོད་	NOUN
ལ་	ལ་	PART
མཁྱེན་རྒྱ་	མཁྱེན་རྒྱ་	NO_POS
ཆུང་བ་	ཆུང་བ་	VERB
དག་	དག་	DET
གིས་	གིས་	PART
མཁའ་འགྲོ་	མཁའ་འགྲོ་	NOUN
ཞེ་	ཅེས་	PART
བུད་མེད་	བུད་མེད་	NOUN
ཁོ་ན་	ཁོ་ན་	DET
ལ་	ལ་	PART
ངོས་འཛིན་	ངོས་འཛིན་	NOUN
ན་	ནས་	PART
འཕྱར་	འཕྱར་	VERB
ཀ་	ཀ་	DET
སྒྲོགས་	སྒྲོགས་	VERB
ཀྱང་	ཀྱང་	PART
སྙིང་རྗེ་	སྙིང་རྗེ་	NOUN
འི་	གི་	PART
གནས་	གནས་	NOUN
ཏེ་	སྟེ་	PART
།		PUNCT
མཁའ་	མཁའ་	NOUN
ནི་	ནི་	NO_POS
ཆོས་ཉིད་	ཆོས་ཉིད་	NOUN
རྣམ་ཀུན་	རྣམ་ཀུན་	NO_POS
མཆོག་ལྡན་	མཆོག་ལྡན་	OTHER
དང་	དང་	NO_POS
།		PUNCT
འགྲོ་བ་	འགྲོ་བ་	VERB
དང་	དང་	NO_POS
གཤེགས་པ་	གཤེགས་པ་	VERB
དོན་	དོན་	NOUN
གཅིག་པ་	གཅིག་པ་	ADJ
ས་	གིས་	PART
དེ་ཉིད་	དེ་ཉིད་	NOUN
མངོན་དུ་	མངོན་དུ་	NO_POS
རྟོགས་པ་	རྟོགས་པ་	VERB
འི་	གི་	PART
གང་ཟག་	གང་ཟག་	NOUN
གི་	གི་	PART
མཚན་	མཚན་	NOUN
གྱི་	གི་	PART
སྒྲ་	སྒྲ་	NOUN
ཡིན་པ་	ཡིན་པ་	AUX
ས་	གིས་	PART
།		PUNCT
རྡོ་རྗེ་	རྡོ་རྗེ་	NOUN
ནམ་མཁ་	ནམ་མཁའ་	NOUN
འི་	གི་	PART
དཀྱིལ་	དཀྱིལ་	NOUN
ལྟ་བུ་	ལྟ་བུ་	NOUN
འི་	གི་	PART
དོན་	དོན་	NOUN
སོ་སོ་	སོ་སོ་	PRON
རང་རིག་པ་	རང་རིག་པ་	NO_POS
འི་	གི་	PART
ཡེ་ཤེས་	ཡེ་ཤེས་	NOUN
ཀྱིས་	གིས་	PART
མངོན་དུ་	མངོན་དུ་	NO_POS
བྱས་པ་	བྱས་པ་	VERB
འི་	གི་	PART
གསང་སྔགས་	གསང་སྔགས་	NOUN
ཀྱི་	གི་	PART
ལྟ་	ལྟ་	NOUN
སྒོམ་	སྒོམ་	VERB
སྤྱོད་པ་	སྤྱོད་པ་	VERB
ཉམས་	ཉམས་	NOUN
འོག་	འོག་	NOUN
ཏུ་	ལ་	PART
ཆུད་པ་	ཆུད་པ་	VERB
མཐའ་དག་	མཐའ་དག་	DET
ལ་	ལ་	PART
གསུངས་པ་	གསུངས་པ་	VERB
ས་	གིས་	PART
ན་	ལ་	PART
ངེས་པ་	ངེས་པ་	VERB
ལྔ་ལྡན་	ལྔ་ལྡན་	OTHER
གྱི་	གི་	PART
སྟོན་འཁོར་	སྟོན་འཁོར་	NO_POS
ཏེ་	སྟེ་	PART
།		PUNCT
རྒྱུད་སྡེ་	རྒྱུད་སྡེ་	NOUN
ཐམས་ཅད་	ཐམས་ཅད་	DET
ཀྱི་	གི་	PART
གླེང་	གླེང་	NO_POS
གཞི་	གཞི་	NOUN
ཨེ་ཝཾ་	ཨེ་ཝཾ་	X
གྱིས་	གིས་	PART
སྒྲ་	སྒྲ་	NOUN
ས་	གིས་	PART
བཤད་	བཤད་	VERB
དགོས་པ་	དགོས་པ་	VERB
དང་	དང་	NO_POS
དགྱེས་པ་རྡོ་རྗེ་	དགྱེས་པ་རྡོ་རྗེ་	PROPN
འི་	གི་	PART
རྒྱུད་	རྒྱུད་	NOUN
དུ་	ལ་	PART
རྡོ་རྗེ་	རྡོ་རྗེ་	NOUN
བཙུན་མོ་	བཙུན་མོ་	NOUN
འི་	གི་	PART
བྷ་	བྷ་	NO_POS
ག་ལ་	ག་ལ་	NO_POS
བཞུགས་པ་	བཞུགས་པ་	VERB
དང་	དང་	NO_POS
ཚིག་དོན་	ཚིག་དོན་	NOUN
མཚུངས་པ་	མཚུངས་པ་	VERB
འི་	གི་	PART
ཕྱི་	ཕྱི་	OTHER
རོ་	རོ་	NOUN
། །		PUNCT
ཁྱེད་	ཁྱེད་	PRON
ཀྱི་	གི་	PART
རྗེས་སུ་	རྗེས་སུ་	OTHER
བདག་	བདག་	PRON
སྒྲུབ་	སྒྲུབ་	VERB
ཀྱིས་	གིས་	PART
༔		PUNCT
ཞེས་་	ཞེས་པ་	PART
སྔོན་བྱུང་	སྔོན་བྱུང་	OTHER
སྟོན་པ་	སྟོན་པ་	NOUN
འི་	གི་	PART
རྣམ་ཐར་	རྣམ་ཐར་	NOUN
རྗེས་འཇུག་	རྗེས་འཇུག་	NOUN
གདུལ་བྱ་	གདུལ་བྱ་	NOUN
འི་	གི་	PART
ཉམས་ལེན་	ཉམས་ལེན་	NOUN
ཞེ་	ཅེས་	PART
གྲགས་པ་	གྲགས་པ་	VERB
བཞིན་	བཞིན་	NOUN
མདོ་སྔགས་	མདོ་སྔགས་	NOUN
ཐུན་མོང་	ཐུན་མོང་	ADJ
གི་	གི་	PART
ལུགས་	ལུགས་	NOUN
།		PUNCT
དུས་གསུམ་	དུས་གསུམ་	OTHER
གྱི་	གི་	PART
རྒྱལ་བ་	རྒྱལ་བ་	NOUN
སྲ་	སྲ་	NOUN
དང་	དང་	NO_POS
བཅས་པ་	བཅས་པ་	VERB
ས་	གིས་	PART
བྱང་ཆུབ་	བྱང་ཆུབ་	NOUN
སེམས་དཔ་	སེམས་དཔའ་	NOUN
འི་	གི་	PART
སྤྱོད་པ་	སྤྱོད་པ་	VERB
རླབས་པོ་ཆེ་	རླབས་པོ་ཆེ་	OTHER
ལ་	ལ་	PART
བསླབས་པ་	བསླབས་པ་	VERB
ས་	གིས་	PART
།		PUNCT
རྒྱལ་བ་	རྒྱལ་བ་	NOUN
འི་	གི་	PART
སྲ་	སྲ་	NOUN
ཀྱི་	གི་	PART
ཐུགས་བསྐྱེད་	ཐུགས་བསྐྱེད་	OTHER
དང་	དང་	NO_POS
མཛད་པ་	མཛད་པ་	VERB
སྨོན་ལམ་	སྨོན་ལམ་	NOUN
རྒྱ་མཚོ་	རྒྱ་མཚོ་	NOUN
ཡོངས་སུ་	ཡོངས་སུ་	NO_POS
རྫོགས་པ་	རྫོགས་པ་	VERB
དང་	དང་	NO_POS
།		PUNCT
ཁྱད་པར་	ཁྱད་པར་	NOUN
རྡོ་རྗེ་	རྡོ་རྗེ་	NOUN
འི་	གི་	PART
བླ་མ་	བླ་མ་	NOUN
པདྨ་	པདྨ་	NOUN
སཾ་		NON_WORD
བྷ་	བྷ་	NO_POS
ཝ་	ཝ་	OTHER
ཞེ་	ཅེས་	PART
འཇིག་རྟེན་	འཇིག་རྟེན་	NOUN
གསུམ་	གསུམ་	NUM
ན་	ལ་	PART
སྙན་པ་	སྙན་པ་	VERB
ར་	ལ་	PART
གྲགས་པ་	གྲགས་པ་	VERB
བཞིན་	བཞིན་	NOUN
གསང་བ་	གསང་བ་	VERB
གསུམ་	གསུམ་	NUM
གྱི་	གི་	PART
མཛད་སྤྱོད་	མཛད་སྤྱོད་	NOUN
ཐམས་ཅད་	ཐམས་ཅད་	DET
དབང་པོ་	དབང་པོ་	NOUN
རབ་	རབ་	ADV
རིན་པོ་ཆེ་	རིན་པོ་ཆེ་	ADJ
ལྟ་བུ་	ལྟ་བུ་	NOUN
འི་	གི་	PART
གང་ཟག་	གང་ཟག་	NOUN
གསང་སྔགས་	གསང་སྔགས་	NOUN
ཀྱི་	གི་	PART
ལྟ་	ལྟ་	NOUN
སྒོམ་	སྒོམ་	VERB
སྤྱོད་པ་	སྤྱོད་པ་	VERB
ཐམས་ཅད་	ཐམས་ཅད་	DET
སྒྲ་	སྒྲ་	NOUN
ཇི་བཞིན་	ཇི་བཞིན་	OTHER
དུ་	ལ་	PART
ཚུ་		
མཐོང་	མཐོང་	VERB
གདུལ་བྱ་	གདུལ་བྱ་	NOUN
འི་	གི་	PART
སྣང་ངོ་	སྣང་ངོ་	NOUN
ར་	ལ་	PART
ཡང་	ཀྱང་	PART
མཐ་	མཐའ་	NOUN
ར་	ལ་	PART
ཕྱིན་	ཕྱིན་	VERB
ཏེ་	སྟེ་	PART
།		PUNCT
ཁྱབ་བདག་	ཁྱབ་བདག་	OTHER
སྤྱི་	སྤྱི་	DET
དཔལ་	དཔལ་	OTHER
ཆེན་པོ་	ཆེན་པོ་	ADJ
ཧེ་རུ་ཀ་	ཧེ་རུ་ཀ་	NOUN
དང་	དང་	NO_POS
དགོངས་	དགོངས་	VERB
སྤྱོད་	སྤྱོད་	VERB
གཉིས་	གཉིས་	NUM
སུ་	ལ་	PART
མེད་པ་	མེད་པ་	VERB
སྐུ་ལྔ་	སྐུ་ལྔ་	OTHER
ལྷུན་གྲུབ་	ལྷུན་གྲུབ་	OTHER
ཀྱི་	གི་	PART
རིག་འཛིན་	རིག་འཛིན་	OTHER
བདེ་གཤེགས་	བདེ་གཤེགས་	NOUN
སྨིན་པ་	སྨིན་པ་	VERB
རྒྱ་མཚོ་	རྒྱ་མཚོ་	NOUN
ཞེ་	ཅེས་	PART
གྲགས་པ་	གྲགས་པ་	VERB
འི་	གི་	PART
གསང་བ་	གསང་བ་	VERB
བསམ་	བསམ་	NOUN
མི་	མི་	PART
ཁྱབ་པ་	ཁྱབ་པ་	VERB
ལ་	ལ་	PART
གདུལ་བྱ་	གདུལ་བྱ་	NOUN
རང་རང་	རང་རང་	NO_POS
གིས་	གིས་	PART
ལྟ་	ལྟ་	NOUN
སྒོམ་	སྒོམ་	VERB
སྤྱོད་པ་	སྤྱོད་པ་	VERB
དབང་པོ་	དབང་པོ་	NOUN
འི་	གི་	PART
ཆུན་	ཆུན་	NO_POS
ཚོད་	ཚོད་	NOUN
ལྟ་	ལྟ་	OTHER
དངོ་	དངོ་	NOUN
དང་	དང་	NO_POS
བརྒྱུད་	བརྒྱུད་	NO_POS
ན་	ནས་	PART
ཡིད་ཆེས་	ཡིད་ཆེས་	NOUN
དད་མོས་	དད་མོས་	OTHER
ཀྱིས་	གིས་	PART
སྒྲུབ་པ་	སྒྲུབ་པ་	VERB
འམ་	གམ་	PART
སློབ་	སློབ་	VERB
ཅིང་	ཅིང་	PART
འདུན་པ་	འདུན་པ་	PROPN
ས་	གིས་	PART
།		PUNCT
དབང་	དབང་	NOUN
རབ་	རབ་	ADV
ཀྱིས་	གིས་	PART
སྒྲ་	སྒྲ་	NOUN
ཇི་བཞིན་	ཇི་བཞིན་	OTHER
།		PUNCT
དབང་	དབང་	NOUN
འབྲིང་	འབྲིང་	NOUN
གིས་	གིས་	PART
དངོ་	དངོ་	NOUN
བརྒྱུད་	བརྒྱུད་	NO_POS
ན་	ནས་	PART
ལྟ་	ལྟ་	NOUN
སྒོམ་	སྒོམ་	VERB
སྤྱོད་པ་	སྤྱོད་པ་	VERB
ཇི་ལྟ་		
དཔོག་	དཔོག་	VERB
ཚད་	ཚད་	NOUN
།		PUNCT
ཐ་མ་	ཐ་མ་	ADJ
ས་	གིས་	PART
ཀྱང་	ཀྱང་	PART
སངས་རྒྱས་	སངས་རྒྱས་	NOUN
ཀྱི་	གི་	PART
མཛད་པ་	མཛད་པ་	VERB
ལ་མོ་	ལ་མོ་	OTHER
ས་	གིས་	PART
གུ་	གུ་	VERB
དང་	དང་	NO_POS
དང་བ་	དང་བ་	NOUN
ས་	གིས་	PART
སྨོན་ལམ་	སྨོན་ལམ་	NOUN
དང་	དང་	NO_POS
གསོལ་འདེབས་	གསོལ་འདེབས་	NOUN
ལ་	ལ་	PART
བརྩོན་	བརྩོན་	VERB
ན་	ལ་	PART
མཐ་	མཐའ་	NOUN
ར་	ལ་	PART
ཕྱིན་	ཕྱིན་	VERB
ངེས་པ་	ངེས་པ་	VERB
ཕྱག་རྒྱ་	ཕྱག་རྒྱ་	NOUN
ཆེན་པོ་	ཆེན་པོ་	ADJ
འི་	གི་	PART
དངོས་གྲུབ་	དངོས་གྲུབ་	NOUN
མཆོག་	མཆོག་	ADJ
གི་	གི་	PART
ས་	ས་	ADP
ར་	ལ་	PART
སྦྱོར་	སྦྱོར་	VERB
ལ་	ལ་	PART
།		PUNCT
གང་ལྟར་	གང་ལྟར་	NO_POS
ཡང་	ཀྱང་	PART
བླ་མ་	བླ་མ་	NOUN
འི་	གི་	PART
རྣམ་ཐར་	རྣམ་ཐར་	NOUN
ཡིད་	ཡིད་	NOUN
ཡུལ་	ཡུལ་	NOUN
དུ་	ལ་	PART
བྱས་པ་	བྱས་པ་	VERB
ས་	གིས་	PART
ཟབ་	ཟབ་	VERB
ལམ་	གམ་	PART
གྱི་	གི་	PART
སྣོད་	སྣོད་	NOUN
ལྡན་	ལྡན་	VERB
དུ་	ལ་	PART
གྱུར་	གྱུར་	VERB
ཏེ་	སྟེ་	PART
དཀར་པོ་	དཀར་པོ་	ADJ
འི་	གི་	PART
ཆོ་	ཆོ་	NOUN
སྣང་བ་	སྣང་བ་	VERB
འི་	གི་	PART
སྒོ་	སྒོ་	NOUN
དད་པ་	དད་པ་	VERB
འི་	གི་	PART
ཤུགས་	ཤུགས་	NOUN
ཀྱིས་	གིས་	PART
བསྐུལ་	བསྐུལ་	VERB
ཏེ་	སྟེ་	PART
།		PUNCT
བྱིན་	བྱིན་	VERB
གྱིས་	གིས་	PART
བརླབ་	བརླབ་	NO_POS
ཕྱི་	ཕྱི་	OTHER
གཤེགས་	གཤེགས་	VERB
སུ་	ལ་	PART
གསོལ་	གསོལ་	VERB
༔		PUNCT
ཞེ་	ཅེས་	PART
དོན་	དོན་	NOUN
ལ་	ལ་	PART
སངས་རྒྱས་	སངས་རྒྱས་	NOUN
རང་	རང་	PRON
ངོ་	ངོ་	PART
ར་	ལ་	PART
གཤེགས་	གཤེགས་	VERB
བཞུགས་	བཞུགས་	VERB
ཀྱི་	གི་	PART
མཚན་མ་	མཚན་མ་	NOUN
དང་	དང་	NO_POS
བྲལ་	བྲལ་	VERB
ཀྱང་	ཀྱང་	PART
རྣམ་པ་	རྣམ་པ་	NOUN
གདུལ་བྱ་	གདུལ་བྱ་	NOUN
འི་	གི་	PART
དད་པ་	དད་པ་	VERB
འི་	གི་	PART
སྣང་ངོ་	སྣང་ངོ་	NOUN
ར་	ལ་	PART
མངོན་སུམ་	མངོན་སུམ་	NOUN
ལྟ་བུ་	ལྟ་བུ་	NOUN
ར་	ལ་	PART
བྱོན་པ་	བྱོན་པ་	VERB
གཤེགས་པ་	གཤེགས་པ་	VERB
འམ་	གམ་	PART
གུ་རུ་	གུ་རུ་	PROPN
རིན་པོ་ཆེ་	རིན་པོ་ཆེ་	ADJ
འི་	གི་	PART
རྡོ་རྗེ་	རྡོ་རྗེ་	NOUN
གསུམ་	གསུམ་	NUM
གྱིས་	གིས་	PART
བྱིན་	བྱིན་	VERB
གྱིས་	གིས་	PART
བརླབ་པ་	བརླབ་པ་	VERB
འི་	གི་	PART
འོད་ཟེར་	འོད་ཟེར་	NOUN
ཆུ་རྒྱུན་	ཆུ་རྒྱུན་	NOUN
གཅིག་	གཅིག་	NUM
མ་	མ་	PART
འི་	གི་	PART
དབང་	དབང་	NOUN
བཞི་	བཞི་	NUM
བསྐུར་བ་	བསྐུར་བ་	VERB
ས་	གིས་	PART
ལུས་ངག་	ལུས་ངག་	NOUN
ཡིད་	ཡིད་	NOUN
གསུམ་	གསུམ་	NUM
ཐ་མལ་	ཐ་མལ་	ADJ
གྱི་	གི་	PART
འཁྲུལ་ཤེས་	འཁྲུལ་ཤེས་	NO_POS
སྦྱངས་	སྦྱངས་	VERB
ཏེ་	སྟེ་	PART
སྒྲིབ་པ་	སྒྲིབ་པ་	VERB
བཞི་	བཞི་	NUM
དག་	དག་	DET
།		PUNCT
དབང་	དབང་	NOUN
བཞི་	བཞི་	NUM
འི་	གི་	PART
རྟོགས་པ་	རྟོགས་པ་	VERB
ཆིག་	ཆིག་	NUM
རྫོགས་	རྫོགས་	VERB
སུ་	ལ་	PART
སྐྱེ་	སྐྱེ་	VERB
།		PUNCT
ལམ་	གམ་	PART
བཞི་	བཞི་	NUM
སྒོམ་པ་	སྒོམ་པ་	VERB
འི་	གི་	PART
སྐལ་ལྡན་	སྐལ་ལྡན་	ADJ
དུ་	ལ་	PART
བྱ་	བྱ་	VERB
།		PUNCT
སྐུ་བཞི་	སྐུ་བཞི་	OTHER
འི་	གི་	PART
ས་བོན་	ས་བོན་	NOUN
རྒྱུད་	རྒྱུད་	NOUN
ལ་	ལ་	PART
སྨིན་པ་	སྨིན་པ་	VERB
ས་	གིས་	PART
བསྒྲུབ་བྱ་	བསྒྲུབ་བྱ་	VERB
སྒྲུབ་བྱེད་	སྒྲུབ་བྱེད་	NOUN
གཉིས་	གཉིས་	NUM
མེད་	མེད་	VERB
དུ་	ལ་	PART
གྱུར་	གྱུར་	VERB
ཕྱི་	ཕྱི་	OTHER
དག་པ་	དག་པ་	VERB
འི་	གི་	PART
སྐུ་	སྐུ་	NOUN
དང་	དང་	NO_POS
ཡེ་ཤེས་	ཡེ་ཤེས་	NOUN
ཀྱི་	གི་	PART
རོལ་པ་	རོལ་པ་	VERB
བཀོད་པ་	བཀོད་པ་	VERB
བསམ་	བསམ་	NOUN
གྱིས་	གིས་	PART
མི་	མི་	PART
ཁྱབ་པ་	ཁྱབ་པ་	VERB
འི་	གི་	PART
སྤྲིན་	སྤྲིན་	NOUN
ཡེ་ཤེས་	ཡེ་ཤེས་	NOUN
ཆེན་པོ་	ཆེན་པོ་	ADJ
འི་	གི་	PART
བྱིན་རླབས་	བྱིན་རླབས་	NOUN
འཕོ་	འཕོ་	VERB
ན་	ནས་	PART
གདོད་	གདོད་	NO_POS
ན་	ནས་	PART
དམ་ཡེ་	དམ་ཡེ་	NO_POS
དབྱེ་	དབྱེ་	VERB
ར་	ལ་	PART
མེད་	མེད་	VERB
ཀྱི་	གི་	PART
ཡིན་ལུགས་	ཡིན་ལུགས་	AUX
མངོན་དུ་	མངོན་དུ་	NO_POS
སད་པ་	སད་པ་	VERB
ར་	ལ་	PART
མཛད་	མཛད་	VERB
དུ་	ལ་	PART
གསོལ་	གསོལ་	VERB
ཞེ་	ཅེས་	PART
སྨོན་པ་	སྨོན་པ་	VERB
སྟེ་	སྟེ་	PART
།		PUNCT
དེ་ལྟ་	དེ་ལྟ་	NO_POS
དམིགས་པ་	དམིགས་པ་	VERB
འི་	གི་	PART
རོལ་པ་	རོལ་པ་	VERB
མང་	མང་	VERB
དུ་	ལ་	PART
སྤྲོས་པ་	སྤྲོས་པ་	VERB
ཐམས་ཅད་	ཐམས་ཅད་	DET
བླ་མ་	བླ་མ་	NOUN
སངས་རྒྱས་	སངས་རྒྱས་	NOUN
ཀུན་	ཀུན་	DET
གྱི་	གི་	PART
མེས་པོ་	མེས་པོ་	NOUN
གཅིག་	གཅིག་	NUM
ལ་	ལ་	PART
གསོལ་བ་	གསོལ་བ་	VERB
གདབ་པ་	གདབ་པ་	VERB
འི་	གི་	PART
རིམ་པ་	རིམ་པ་	NOUN
ལམ་	གམ་	PART
ཐམས་ཅད་	ཐམས་ཅད་	DET
ཀྱི་	གི་	PART
གནད་དོན་	གནད་དོན་	OTHER
གྱིས་	གིས་	PART
ལྕི་བ་	ལྕི་བ་	VERB
ཡིན་པ་	ཡིན་པ་	AUX
ས་	གིས་	PART
གུྃ་		NON_WORD
རུྃ་		NON_WORD
།		PUNCT
སྤྱི་		
བླ་མ་	བླ་མ་	NOUN
ཐམས་ཅད་	ཐམས་ཅད་	DET
ལ་	ལ་	PART
ཡིད་ཆེས་	ཡིད་ཆེས་	NOUN
ཀྱི་	གི་	PART
དད་པ་	དད་པ་	VERB
ས་	གིས་	PART
གསོལ་བ་	གསོལ་བ་	VERB
རྩེ་གཅིག་	རྩེ་གཅིག་	ADJ
ཏུ་	ལ་	PART
བཏབ་	བཏབ་	VERB
ན་	ལ་	PART
བླ་མ་	བླ་མ་	NOUN
ཀུན་	ཀུན་	DET
གྱི་	གི་	PART
ཐུགས་རྗེ་	ཐུགས་རྗེ་	NOUN
བྱིན་རླབས་	བྱིན་རླབས་	NOUN
འཇུག་	འཇུག་	VERB
ངེས་	ངེས་	VERB
ཤིང་	ཅིང་	PART
དེ་	སྟེ་	PART
ཐམས་ཅད་	ཐམས་ཅད་	DET
ཀྱང་	ཀྱང་	PART
རྩ་	རྩ་	NUM
གསུམ་	གསུམ་	NUM
ཀུན་	ཀུན་	DET
འདུ་	འདུ་	VERB
པྃདྨྃ་		NON_WORD
འབྱུང་གནས་	འབྱུང་གནས་	NOUN
གཅིག་	གཅིག་	NUM
གི་	གི་	PART
ཡེ་ཤེས་	ཡེ་ཤེས་	NOUN
ཀྱི་	གི་	PART
ཆོ་འཕྲུལ་	ཆོ་འཕྲུལ་	NOUN
དུ་	ལ་	PART
ངེས་ཤེས་	ངེས་ཤེས་	NOUN
རྩེ་གཅིག་	རྩེ་གཅིག་	ADJ
ཏུ་	ལ་	PART
བསྐྱེད་པ་	བསྐྱེད་པ་	VERB
ས་	གིས་	PART
།		PUNCT
ཐུན་མོང་	ཐུན་མོང་	ADJ
དང་	དང་	NO_POS
མཆོག་	མཆོག་	ADJ
གི་	གི་	PART
སིདྡྷི་		NON_WORD
སྩོལ་	སྩོལ་	VERB
ཅིག་	ཅིག་	PART
ཅེས་	ཅེས་	PART
ཧཱུྃ་		NON_WORD
གིས་	གིས་	PART
ཐུགས་	ཐུགས་	NOUN
སྲོག་	སྲོག་	NOUN
ན་	ནས་	PART
བོ་	བོ་	VERB
ཏེ་	སྟེ་	PART
བསྐུལ་བ་	བསྐུལ་བ་	VERB
ས་	གིས་	PART
བླ་མ་	བླ་མ་	NOUN
འཁོར་བཅས་	འཁོར་བཅས་	ADJ
འོད་	འོད་	NOUN
དུ་	ལ་	PART
ལྟེམས་		NON_WORD
ཀྱིས་	གིས་	PART
ཞུ་བ་	ཞུ་བ་	VERB
ས་	གིས་	PART
རང་	རང་	PRON
ལ་	ལ་	PART
ཐིམ་པ་	ཐིམ་པ་	VERB
ས་	གིས་	PART
ལྕགས་	ལྕགས་	NOUN
ལ་	ལ་	PART
གསེར་འགྱུར་	གསེར་འགྱུར་	NOUN
གྱིས་	གིས་	PART
རྩི་	རྩི་	NOUN
ཐེབས་པ་	ཐེབས་པ་	VERB
བཞིན་	བཞིན་	NOUN
གཉིས་	གཉིས་	NUM
སུ་	ལ་	PART
མེད་པ་	མེད་པ་	VERB
ར་	ལ་	PART
ཐུགས་	ཐུགས་	NOUN
ཡིད་	ཡིད་	NOUN
གཅིག་	གཅིག་	NUM
ཏུ་	ལ་	PART
འདྲེས་པ་	འདྲེས་པ་	VERB
ར་	ལ་	PART
བསམ་པ་	བསམ་པ་	VERB
ས་	གིས་	PART
།		PUNCT
སྤྱི་		
བླ་མ་	བླ་མ་	NOUN
སྒྲུབ་	སྒྲུབ་	VERB
ཚུལ་	ཚུལ་	NOUN
ལ་	ལ་	PART
སྐབས་	སྐབས་	NOUN
འདི་	འདི་	DET
ར་	ལ་	PART
ཕྱི་	ཕྱི་	NOUN
གསོལ་འདེབས་	གསོལ་འདེབས་	NOUN
སུ་	ལ་	PART
སྒྲུབ་པ་	སྒྲུབ་པ་	VERB
གཙོ་བོ་	གཙོ་བོ་	ADJ
བཤད་པ་	བཤད་པ་	VERB
ཡིན་ཡང་	ཡིན་ཡང་	NO_POS
།		PUNCT
ནང་	ནང་	NOUN
བླ་མ་	བླ་མ་	NOUN
སྐུ་གསུམ་	སྐུ་གསུམ་	OTHER
དུ་	ལ་	PART
སྒྲུབ་པ་	སྒྲུབ་པ་	VERB
འང་	ཀྱང་	PART
བསྒྲུབ་	བསྒྲུབ་	VERB
གཞི་	གཞི་	NOUN
འི་	གི་	PART
ངོ་	ངོ་	NOUN
ན་	ནས་	PART
དབྱེ་བ་	དབྱེ་བ་	VERB
ས་	གིས་	PART
རྡོ་རྗེ་	རྡོ་རྗེ་	NOUN
འི་	གི་	PART
ཚིག་རྐང་	ཚིག་རྐང་	OTHER
བདུན་	བདུན་	NUM
མ་	མ་	PART
འི་	གི་	PART
སྒེར་	སྒེར་	OTHER
སྒྲུབ་	སྒྲུབ་	VERB
དུ་	ལ་	PART
གསལ་བ་	གསལ་བ་	VERB
གང་	གང་	NO_POS
འདོད་	འདོད་	VERB
བསྒོམ་	བསྒོམ་	VERB
ཞིང་	ཅིང་	PART
།		PUNCT
སྒྲུབ་བྱེད་	སྒྲུབ་བྱེད་	NOUN
སྣང་སྲིད་	སྣང་སྲིད་	NOUN
བླ་མ་	བླ་མ་	NOUN
འི་	གི་	PART
དཀྱིལ་འཁོར་	དཀྱིལ་འཁོར་	NOUN
དུ་	ལ་	PART
ཤར་བ་	ཤར་བ་	VERB
བསྐྱེད་རིམ་	བསྐྱེད་རིམ་	NOUN
ལྷ་	ལྷ་	NOUN
སྣང་	སྣང་	VERB
དང་	དང་	NO_POS
ཆོས་ཉིད་	ཆོས་ཉིད་	NOUN
རང་རིག་	རང་རིག་	NO_POS
དབྱེ་	དབྱེ་	VERB
ར་	ལ་	PART
མེད་	མེད་	VERB
དུ་	ལ་	PART
ཤེས་པ་	ཤེས་པ་	VERB
རྫོགས་རིམ་	རྫོགས་རིམ་	NOUN
ཡིན་	ཡིན་	NO_POS
ཞིང་	ཅིང་	PART
དེ་དག་	དེ་དག་	OTHER
ཀྱང་	ཀྱང་	PART
བསྙེན་སྒྲུབ་	བསྙེན་སྒྲུབ་	NOUN
ལ་	ལ་	ADP
ས་	གིས་	PART
གསུམ་	གསུམ་	NUM
ལ་	ལ་	PART
སྦྱར་	སྦྱར་	VERB
དུ་	ལ་	PART
རུང་	རུང་	SCONJ
ཞིང་	ཅིང་	PART
།		PUNCT
མདོར་ན་	མདོར་ན་	NO_POS
ཟབ་	ཟབ་	VERB
ལམ་	གམ་	PART
གྱི་	གི་	PART
གནད་	གནད་	NOUN
འདི་ཙམ་	འདི་ཙམ་	NO_POS
ཞིག་	ཅིག་	PART
ཤེས་པ་	ཤེས་པ་	VERB
ས་	གིས་	PART
སེམས་རྒྱུད་	སེམས་རྒྱུད་	NOUN
ལ་	ལ་	PART
སྦྱར་བ་	སྦྱར་བ་	VERB
འི་	གི་	PART
ཉམས་ལེན་	ཉམས་ལེན་	NOUN
བྱ་	བྱ་	VERB
ན་	ནས་	PART
།		PUNCT
བཀའ་	བཀའ་	NOUN
གདམས་པ་	གདམས་པ་	VERB
འི་	གི་	PART
གསུང་སྒྲོས་	གསུང་སྒྲོས་	NOUN
བཞིན་སྣོད་	བཞིན་སྣོད་	NO_POS
བཅུད་	བཅུད་	NOUN
སྡིག་པ་	སྡིག་པ་	VERB
ས་	གིས་	PART
གང་བ་	གང་བ་	VERB
འི་	གི་	PART
རྩོད་དུས་	རྩོད་དུས་	NO_POS
སུ་	ལ་	PART
སྐྱེ་	སྐྱེ་	VERB
ཀྱང་	ཀྱང་	PART
།		PUNCT
དལ་འབྱོར་	དལ་འབྱོར་	NOUN
ལན་	ལན་	NOUN
གཅིག་	གཅིག་	NUM
ཐོབ་པ་	ཐོབ་པ་	VERB
འདི་སྐད་	འདི་སྐད་	NO_POS
ཅིག་	ཅིག་	PART
ཀྱང་	ཀྱང་	PART
འཕྲོག་	འཕྲོག་	VERB
བརླག་	བརླག་	VERB
མི་	མི་	PART
ཤོར་བ་	ཤོར་བ་	VERB
འི་	གི་	PART
ཆེད་	ཆེད་	NOUN
དྲན་ཤེས་	དྲན་ཤེས་	NOUN
བག་	བག་	NOUN
ཡོད་	ཡོད་	VERB
མ་	མ་	PART
བྱ་	བྱ་	VERB
ན་	ལ་	PART
།		PUNCT
ལྟ་	ལྟ་	OTHER
སྣང་	སྣང་	VERB
གི་	གི་	PART
ཆོ་	ཆོ་	NOUN
དང་	དང་	NO_POS
ཡིན་	ཡིན་	NO_POS
རློམས་	རློམས་	NO_POS
ཀྱིས་	གིས་	PART
སྣང་བ་	སྣང་བ་	VERB
མཐོ་	མཐོ་	VERB
ཡང་	ཀྱང་	PART
།		PUNCT
ཉི་མ་	ཉི་མ་	NOUN
གཅིག་	གཅིག་	NUM
ལ་	ལ་	PART
འཆི་བདག་	འཆི་བདག་	NOUN
ཞགས་པ་	ཞགས་པ་	NOUN
ས་	གིས་	PART
ཐེབས་	ཐེབས་	VERB
དུས་	དུས་	NOUN
བག་	བག་	NOUN
མི་	མི་	PART
ཚ་བ་	ཚ་བ་	VERB
འི་	གི་	PART
གདེང་	གདེང་	NOUN
མི་	མི་	PART
འོང་བ་	འོང་བ་	VERB
ས་	གིས་	PART
སངས་རྒྱས་	སངས་རྒྱས་	NOUN
གཉིས་པ་	གཉིས་པ་	NUM
བཀའ་དྲིན་	བཀའ་དྲིན་	NOUN
ཅན་	ཅན་	PART
དེ་	དེ་	DET
འི་	གི་	PART
གསོལ་འདེབས་	གསོལ་འདེབས་	NOUN
ཀུན་	ཀུན་	DET
གྱི་	གི་	PART
ངག་	ངག་	NOUN
ལ་	ལ་	PART
ཡོད་པ་	ཡོད་པ་	VERB
འདི་ཙམ་	འདི་ཙམ་	NO_POS
ཡང་	ཀྱང་	PART
རྡོ་རྗེ་	རྡོ་རྗེ་	NOUN
འི་	གི་	PART
ཚིག་རྐང་	ཚིག་རྐང་	OTHER
གསང་	གསང་	VERB
ཆེན་	ཆེན་	NO_POS
ངེས་པ་	ངེས་པ་	VERB
འི་	གི་	PART
རྒྱུད་	རྒྱུད་	NOUN
ཀྱི་	གི་	PART
རྒྱལ་པོ་	རྒྱལ་པོ་	NOUN
རྣམས་	རྣམས་	DET
དང་	དང་	NO_POS
དབྱེ་	དབྱེ་	VERB
ར་	ལ་	PART
མེད་པ་	མེད་པ་	VERB
ས་	གིས་	PART
མཚོན་	མཚོན་	NOUN
།		PUNCT
འབྲེལ་	འབྲེལ་	VERB
ཚད་	ཚད་	NOUN
དོན་ལྡན་	དོན་ལྡན་	ADJ
གྱི་	གི་	PART
ཟབ་	ཟབ་	VERB
དོན་	དོན་	NOUN
ཐང་མ་	ཐང་མ་	OTHER
ར་	ལ་	PART
བརྡལ་བ་	བརྡལ་བ་	NO_POS
འི་	གི་	PART
ཕ་ནོར་	ཕ་ནོར་	NOUN
གྱི་	གི་	PART
རིན་ཐང་	རིན་ཐང་	OTHER
རང་	རང་	PRON
ངོ་	གོ་	PART
ཤེས་པ་	ཤེས་པ་	VERB
འི་	གི་	PART
གསལ་	གསལ་	VERB
འདེབས་	འདེབས་	VERB
ཙམ་	ཙམ་	DET
དུ་	ལ་	PART
འདུ་འཛི་	འདུ་འཛི་	NOUN
འི་	གི་	PART
ཞགས་པ་	ཞགས་པ་	NOUN
ས་	གིས་	PART
བསྡམས་	བསྡམས་	NO_POS
ཏེ་	སྟེ་	PART
ལོག་འཚོ་	ལོག་འཚོ་	NOUN
འི་	གི་	PART
ལྕིད་	ལྕིད་	NO_POS
ཀྱིས་	གིས་	PART
ནོན་པ་	ནོན་པ་	VERB
འི་	གི་	PART
གྱི་ན་བ་	གྱི་ན་བ་	NO_POS
ཨུ་རྒྱན་	ཨུ་རྒྱན་	PROPN
སྐྱབས་	སྐྱབས་	NOUN
སམ་	གམ་	PART
བཀྲ་ཤིས་དཔལ་	བཀྲ་ཤིས་དཔལ་	NO_POS
འབྱོར་	འབྱོར་	VERB
དུ་	ལ་	PART
འབོད་པ་	འབོད་པ་	VERB
འི་	གི་	PART
མདོ་ཁམས་	མདོ་ཁམས་	OTHER
ན་	ནས་	PART
འཁྱར་བ་	འཁྱར་བ་	VERB
འི་	གི་	PART
རྒན་	རྒན་	NOUN
ཁོག་	ཁོག་	VERB
གིས་	གིས་	PART
བྲིས་པ་	བྲིས་པ་	VERB
ཟབ་	ཟབ་	VERB
གནད་	གནད་	NOUN
མང་	མང་	VERB
དུ་	ལ་	PART
འདུས་པ་	འདུས་པ་	VERB
འི་	གི་	PART
ཨུ་པ་	ཨུ་པ་	NO_POS
དེ་	སྟེ་	PART
ཤ་	ཤ་	NOUN
ཡིན་པ་	ཡིན་པ་	AUX
ར་	ལ་	PART
རློམས་པ་	རློམས་པ་	NO_POS
ས་	གིས་	PART
ཀུན་	ཀུན་	DET
གྱིས་	གིས་	PART
གཟིགས་	གཟིགས་	VERB
ཏེ་	སྟེ་	PART
གནད་	གནད་	NOUN
ཆེ་	ཆེ་	VERB
དོན་ལྡན་	དོན་ལྡན་	ADJ
ཡིན་	ཡིན་	NO_POS
མིན་	མིན་	AUX
ཐུགས་	ཐུགས་	NOUN
དཔྱད་	དཔྱད་	VERB
མཛད་པ་	མཛད་པ་	VERB
ར་	ལ་	PART
ཞུ་བ་	ཞུ་བ་	VERB
ལགས་སོ་	ལགས་སོ་	NO_POS
། །		PUNCT
རྙིང་མ་	རྙིང་མ་	OTHER
ར་	ལ་	PART
ཁ་	ཁ་	PRON
ས་	གིས་	PART
འཆེ་	འཆེ་	NO_POS
བན་	བན་	OTHER
སྔགས་	སྔགས་	NOUN
ཐམས་ཅད་	ཐམས་ཅད་	DET
ཀྱིས་	གིས་	PART
། །		PUNCT
འདི་ཙམ་	འདི་ཙམ་	NO_POS
ཉམས་	ཉམས་	NOUN
སུ་	ལ་	PART
བླངས་ཀྱང་	བླངས་ཀྱང་	NO_POS
ཟབ་	ཟབ་	VERB
དོན་	དོན་	NOUN
དང་	དང་	NO_POS
། །		PUNCT
འབྲེལ་	འབྲེལ་	VERB
སྙམ་	སྙམ་	VERB
དད་	དད་	VERB
སྤྲོའི་		NON_WORD
སྣང་བ་	སྣང་བ་	VERB
དཀར་དུས་	དཀར་དུས་	NO_POS
བྲིས་	བྲིས་	VERB
། །		PUNCT
སེམས་	སེམས་	NOUN
དང་	དང་	NO_POS
ཆོ་	ཆོ་	NOUN
གཉིས་	གཉིས་	NUM
འདྲེས་པ་	འདྲེས་པ་	VERB
འི་	གི་	PART
གསོལ་འདེབས་	གསོལ་འདེབས་	NOUN
ཞུ་	ཞུ་	VERB
། །		PUNCT
རྡོ་རྗེ་	རྡོ་རྗེ་	NOUN
འི་	གི་	PART
བླ་མ་	བླ་མ་	NOUN
པདྨ་	པདྨ་	NOUN
སཾ་		NON_WORD
བྷ་	བྷ་	NO_POS
ཝ་	ཝ་	OTHER
ས་	གིས་	PART
། །		PUNCT
རྡོ་རྗེ་	རྡོ་རྗེ་	NOUN
འི་	གི་	PART
གསུང་	གསུང་	VERB
གི་	གི་	PART
གསང་བ་	གསང་བ་	VERB
ཆ་ཙམ་	ཆ་ཙམ་	OTHER
ཡང་	ཀྱང་	PART
། །		PUNCT
རྡོ་རྗེ་	རྡོ་རྗེ་	NOUN
འི་	གི་	PART
རྒྱུད་	རྒྱུད་	NOUN
དོན་	དོན་	NOUN
རྫོགས་	རྫོགས་	VERB
ལ་	ལ་	PART
གཟིགས་	གཟིགས་	VERB
མཛོད་	མཛོད་	NOUN
དང་	དང་	NO_POS
། །		PUNCT
རྡོ་རྗེ་	རྡོ་རྗེ་	NOUN
འི་	གི་	PART
ལམ་	གམ་	PART
འདི་	འདི་	DET
ཉི་	ཉི་	NUM
བཞིན་	བཞིན་	NOUN
ལྷམ་མེར་	ལྷམ་མེར་	ADJ
གསལ་	གསལ་	VERB
། །		PUNCT
རྡོ་རྗེ་	རྡོ་རྗེ་	NOUN
འི་	གི་	PART
བཅུད་ལྡན་	བཅུད་ལྡན་	OTHER
གདོང་	གདོང་	NOUN
ལྔ་	ལྔ་	NUM
འི་	གི་	PART
ནུ་ཞོ་	ནུ་ཞོ་	NOUN
ལ་	ལ་	PART
། །		PUNCT
རྡོ་རྗེ་	རྡོ་རྗེ་	NOUN
འི་	གི་	PART
ལྟ་	ལྟ་	NOUN
སྒོམ་	སྒོམ་	VERB
སྤྱོད་པ་	སྤྱོད་པ་	VERB
འི་	གི་	PART
ནུས་	ནུས་	VERB
ཕྲ་	ཕྲ་	NOUN
ཡང་	ཀྱང་	PART
། །		PUNCT
རྡོ་རྗེ་	རྡོ་རྗེ་	NOUN
རིན་ཆེན་	རིན་ཆེན་	OTHER
ལྟ་བུ་	ལྟ་བུ་	NOUN
འི་	གི་	PART
དད་	དད་	VERB
སྣོད་	སྣོད་	NOUN
ཀྱིས་	གིས་	PART
། །		PUNCT
རྡོ་རྗེ་	རྡོ་རྗེ་	NOUN
འི་	གི་	PART
བཅུད་	བཅུད་	NOUN
ལ་	ལ་	PART
མྱངས་	མྱངས་	NO_POS
ན་	ལ་	PART
འཚེངས་	འཚེངས་	NO_POS
བ་	བ་	NOUN
རློམས་	རློམས་	NO_POS
། །		PUNCT
ངག་	ངག་	NOUN
གི་	གི་	PART
གསོལ་འདེབས་	གསོལ་འདེབས་	NOUN
གདོན་	གདོན་	NOUN
བྱ་	བྱ་	VERB
མ་	མ་	PART
མང་	མང་	VERB
ཡང་	ཀྱང་	PART
། །		PUNCT
སེམས་	སེམས་	NOUN
ཀྱི་	གི་	PART
དད་མོས་	དད་མོས་	OTHER
གསེར་	གསེར་	NOUN
ཞུན་	ཞུན་	NO_POS
ལྟ་	ལྟ་	OTHER
གཙང་བ་	གཙང་བ་	VERB
ས་	གིས་	PART
། །		PUNCT
རྡོ་རྗེ་	རྡོ་རྗེ་	NOUN
འི་	གི་	PART
ཚིག་རྐང་	ཚིག་རྐང་	OTHER
བདུན་	བདུན་	NUM
མ་	མ་	PART
ཁོ་ན་	ཁོ་ན་	DET
ལ་	ལ་	PART
། །		PUNCT
འདི་	འདི་	DET
ཕྱི་	ཕྱི་	NOUN
འི་	གི་	PART
བློ་	བློ་	NOUN
གཏད་	གཏད་	VERB
ཆོག་	ཆོག་	VERB
སྙམ་	སྙམ་	VERB
བྲིས་པ་	བྲིས་པ་	VERB
ལགས་	ལགས་	AUX
། །		PUNCT
རྣམ་དཀར་	རྣམ་དཀར་	ADJ
དགེ་	དགེ་	NOUN
དེ་	དེ་	DET
ས་	གིས་	PART
མ་	མ་	PART
གྱུར་	གྱུར་	VERB
ཡིད་ཅན་	ཡིད་ཅན་	NOUN
སྣོད་	སྣོད་	NOUN
། །		PUNCT
སངས་རྒྱས་	སངས་རྒྱས་	NOUN
པདྨ་	པདྨ་	NOUN
འི་	གི་	PART
ཐུགས་བསྐྱེད་	ཐུགས་བསྐྱེད་	OTHER
ལྕགས་ཀྱུ་	ལྕགས་ཀྱུ་	NOUN
ཡི་	གིས་	PART
། །		PUNCT
བཟུང་	བཟུང་	NO_POS
ན་	ནས་	PART
སྲིད་ཞི་	སྲིད་ཞི་	NOUN
ར་	ལ་	PART
མི་	མི་	PART
གནས་	གནས་	NOUN
གོ་འཕང་	གོ་འཕང་	NOUN
ཆེ་	ཆེ་	VERB
ར་	ལ་	PART
། །		PUNCT
བགྲོད་པ་	བགྲོད་པ་	VERB
འི་	གི་	PART
སྐལ་བཟང་	སྐལ་བཟང་	OTHER
ཚེ་	ཚེ་	NOUN
འདི་	འདི་	DET
ར་	ལ་	PART
མངོན་	མངོན་	VERB
བྱེད་	བྱེད་	VERB
ཤོག་	ཤོག་	VERB
།		PUNCT
སརྦ་	སརྦ་	NO_POS
མངྒ་		NON_WORD
ལཾ་		NON_WORD
།		PUNCT
དགེ་	དགེ་	NOUN
འོ་	གོ་	PART
།། །།		PUNCT
